Experiment_time,Headache,Neck_pain,Back_pain,Blurred_vision,Scalp_irritation,Tingling,Itching,Increased_heart_rate,Burning_sensation,Hot_flush,Dizziness,Acute_mood_change,Fatigue,Anxiety,Others
post,88.0461043150849,18.242034469389,9.54452556555814,3.03832607147491,6.78897457443879,9.12806784914579,79.7289962795209,34.8879596890874,16.9384473730817,16.4628460508337,26.393336068277,3.67102501377849,37.3648812666013,12.8783257519685,2.9482507219327
