Electrode_location,Pain,Itching,Tingling_Electrial,Warmth_Heat,Metalic_Iron,Pleasant
total,2.96297592837105,8.63547508471989,31.7857024077019,0.470591302895203,2.98017007658253,93.914799804385
