Electrode_location,Pain,Itching,Tingling_Electrial,Warmth_Heat,Metalic_Iron,Pleasant
total,8.78311535611777,0.510416604288753,29.0420968345928,7.91750303482834,1.23197740263973,NaN
