Electrode_location,Pain,Itching,Tingling_Electrial,Warmth_Heat,Metalic_Iron,Pleasant
total,1.37283869014682,1.01622654167087,18.8735300789097,1.60831423492493,0.879471397010803,94.9532574778421
