Experiment_time,Headache,Neck_pain,Back_pain,Blurred_vision,Scalp_irritation,Tingling,Itching,Increased_heart_rate,Burning_sensation,Hot_flush,Dizziness,Acute_mood_change,Fatigue,Anxiety,Others
post,1.37583500366364,0,10.1455444338963,1.59796566630353,2.563770211465,0.61605990839923,2.66300076606714,1.48786752882778,0,0.490744140601118,0.120369107607331,0.38027613852262,2.54211784258465,0.243292718264848,0
