Electrode_location,Pain,Itching,Tingling_Electrial,Warmth_Heat,Metalic_Iron,Pleasant
total,64.7006438878878,0.123216540184779,0.360346063387231,0,0.244852268044343,58.1541776126955
