Electrode_location,Pain,Itching,Tingling_Electrial,Warmth_Heat,Metalic_Iron,Pleasant
total,46.1802532123238,12.22718160126,36.6510036601435,53.2368479772986,0.483497210890261,91.5174141250121
