Electrode_location,Pain,Itching,Tingling_Electrial,Warmth_Heat,Metalic_Iron,Pleasant
total,NaN,8.71569659039288,34.8387940283756,2.23117460803125,2.48955292199916,121.616406019217
