Electrode_location,Pain,Itching,Tingling_Electrial,Warmth_Heat,Metalic_Iron,Pleasant
total,55.0903160544652,0.624112346205262,35.5980208760491,1.65108413828432,0,78.490778661791
