Electrode_location,Pain,Itching,Tingling_Electrial,Warmth_Heat,Metalic_Iron,Pleasant
total,6.17017509502961,12.759837826047,90.3736628296422,14.3464503963413,0,89.8697825434918
