Electrode_location,Pain,Itching,Tingling_Electrial,Warmth_Heat,Metalic_Iron,Pleasant
total,110.231091975418,3.301865674435,2.18164140355147,3.58431428852696,1.67763946615347,8.67540180865912
