Experiment_time,Headache,Neck_pain,Back_pain,Blurred_vision,Scalp_irritation,Tingling,Itching,Increased_heart_rate,Burning_sensation,Hot_flush,Dizziness,Acute_mood_change,Fatigue,Anxiety,Others
podt,0,0,0.808556113237618,0,7.62604691683793,3.00620707702575,0,1.29393516535292,3.19953970956257,0.115051611453924,1.27560615330047,0.922186427995178,0.227363010990562,0.92591178640007,1.42912008924144
