Electrode_location,Pain,Itching,Tingling_Electrial,Warmth_Heat,Metalic_Iron,Pleasant
total,37.6565179607328,9.50677198926568,5.94151979375276,7.1762342549669,3.77688186352419,98.8562693203454
