Experiment_time,Headache,Neck_pain,Back_pain,Blurred_vision,Scalp_irritation,Tingling,Itching,Increased_heart_rate,Burning_sensation,Hot_flush,Dizziness,Acute_mood_change,Fatigue,Anxiety,Others
post,1.05656467919461,0.642302459194123,0,0.360346063387231,5.32887319640607,0.700117244300182,12.0089207674263,0,1.090062998213,0.737673137432198,0.365712774952653,0.7360937115577,0.500387098792233,0.485545830008134,0.358093959323571
