Experiment_time,Headache,Neck_pain,Back_pain,Blurred_vision,Scalp_irritation,Tingling,Itching,Increased_heart_rate,Burning_sensation,Hot_flush,Dizziness,Acute_mood_change,Fatigue,Anxiety,Others
post,4.7234552834895,8.60361041289091,0.509282404977526,0,0,0.243292718264848,0,0,0.594333241471526,2.1828631140616,0,0.499296986072246,3.19953970956257,0.716159945470409,1.44716450369761
