Electrode_location,Pain,Itching,Tingling_Electrial,Warmth_Heat,Metalic_Iron,Pleasant
total,38.2639887858806,105.142602588559,96.7255170973252,71.9395280638008,17.2106859455505,43.6552756112977
