Electrode_location,Pain,Itching,Tingling_Electrial,Warmth_Heat,Metalic_Iron,Pleasant
total,8.05910390287096,9.15025677801488,52.3552066867844,1.49758773901752,0.376115688264427,NaN
