Electrode_location,Pain,Itching,Tingling_Electrial,Warmth_Heat,Metalic_Iron,Pleasant
total,5.07370473006296,1.08862488723433,28.3190728304441,3.01999905600342,0.540510187130666,NaN
