Electrode_location,Pain,Itching,Tingling_Electrial,Warmth_Heat,Metalic_Iron,Pleasant
total,28.650688396945,9.69738049753246,68.3630305937559,12.2004687273808,2.30028511507495,93.7340081179443
