Electrode_location,Pain,Itching,Tingling_Electrial,Warmth_Heat,Metalic_Iron,Pleasant
total,9.58955170914825,2.19790640125278,32.610500962699,9.98584363531295,7.76516601842533,101.987511943461
