Electrode_location,Pain,Itching,Tingling_Electrial,Warmth_Heat,Metalic_Iron,Pleasant
total,66.5117811915676,7.43682703665461,86.1383925903249,29.9480569684086,7.19566462322434,60.0183606311507
