Electrode_location,Pain,Itching,Tingling_Electrial,Warmth_Heat,Metalic_Iron,Pleasant
total,8.23726391158278,1.504138729229,9.92001296240205,0.626843473794527,0,95.3917196515254
