Electrode_location,Pain,Itching,Tingling_Electrial,Warmth_Heat,Metalic_Iron,Pleasant
total,14.647375272363,0,41.5591430777703,0.256930024503511,0.490744140601118,75.32360686255
