Electrode_location,Pain,Itching,Tingling_Electrial,Warmth_Heat,Metalic_Iron,Pleasant
total,0.731395753097544,11.5681255540979,1.15267705127667,0.588231688464347,0.661584677694151,94.0001857605131
