Experiment_time,Headache,Neck_pain,Back_pain,Blurred_vision,Scalp_irritation,Tingling,Itching,Increased_heart_rate,Burning_sensation,Hot_flush,Dizziness,Acute_mood_change,Fatigue,Anxiety,Others
post,44.2607406445922,22.7703789087622,28.3428169679008,4.04842984408789,36.046891619577,21.7065882580437,30.5159757828921,16.7610652927749,18.0904893686922,2.0892628848492,5.44033203100551,3.99934101396298,52.5761548956891,7.15403421398881,2.8743617742506
