Electrode_location,Pain,Itching,Tingling_Electrial,Warmth_Heat,Metalic_Iron,Pleasant
total,91.5801724728,14.6443126371557,15.3353167023907,17.774507994264,14.4135977011849,NaN
