Electrode_location,Pain,Itching,Tingling_Electrial,Warmth_Heat,Metalic_Iron,Pleasant
total,0.7360937115577,9.79038472313879,2.14916421586287,0.480456490928155,0.485545830008134,93.7313969991604
