Electrode_location,Pain,Itching,Tingling_Electrial,Warmth_Heat,Metalic_Iron,Pleasant
total,9.58294472353257,16.3041980038323,37.9303418749478,6.71722409233605,0.626843473794527,112.270267920055
