Electrode_location,Pain,Itching,Tingling_Electrial,Warmth_Heat,Metalic_Iron,Pleasant
total,64.6709699267225,38.5112295802949,86.955221555806,1.29900141166086,0,60.1908857932935
