Electrode_location,Pain,Itching,Tingling_Electrial,Warmth_Heat,Metalic_Iron,Pleasant
total,9.7275785514016,10.8071407964881,11.3347465822622,13.5869914659065,10.6428707447036,93.4238712449307
