Electrode_location,Pain,Itching,Tingling_Electrial,Warmth_Heat,Metalic_Iron,Pleasant
total,3.67233185362757,2.88747173638523,2.67780664188443,0,3.33273743041227,94.2013851616045
