Experiment_time,Headache,Neck_pain,Back_pain,Blurred_vision,Scalp_irritation,Tingling,Itching,Increased_heart_rate,Burning_sensation,Hot_flush,Dizziness,Acute_mood_change,Fatigue,Anxiety,Others
post,13.7209622206314,29.6194391776947,31.2557356328128,10.9898476502385,28.0573892340909,10.3397758158998,4.38909680577937,5.17105241800249,11.261703714777,8.82858899846888,10.1289919524423,1.58437291995775,65.3137589401434,6.10666912344229,0.868051449745542
