Electrode_location,Pain,Itching,Tingling_Electrial,Warmth_Heat,Metalic_Iron,Pleasant
total,40.8686354874642,10.5816355209438,28.3095610186669,0.238234716511257,0,78.3699827021981
