Electrode_location,Pain,Itching,Tingling_Electrial,Warmth_Heat,Metalic_Iron,Pleasant
total,8.14833200022016,5.80880736230311,24.7024302277713,1.36985539661856,1.55515950506716,93.3288896658555
