Electrode_location,Pain,Itching,Tingling_Electrial,Warmth_Heat,Metalic_Iron,Pleasant
total,0.368062043128493,0,0.599306380149789,0.352223715678977,0.121132545768411,93.9004937423819
