Electrode_location,Pain,Itching,Tingling_Electrial,Warmth_Heat,Metalic_Iron,Pleasant
total,7.90028404526738,0.93919094573558,8.3929251873925,0,0.360346063387231,88.6584236964536
