Electrode_location,Pain,Itching,Tingling_Electrial,Warmth_Heat,Metalic_Iron,Pleasant
total,12.1876873368141,5.64196177142673,69.5647999047046,11.357520319816,8.54278990767572,98.5433290960998
