Electrode_location,Pain,Itching,Tingling_Electrial,Warmth_Heat,Metalic_Iron,Pleasant
total,22.5233912565669,9.58783302481864,50.2766794678195,3.30412997175887,3.17983011986423,NaN
