Experiment_time,Headache,Neck_pain,Back_pain,Blurred_vision,Scalp_irritation,Tingling,Itching,Increased_heart_rate,Burning_sensation,Hot_flush,Dizziness,Acute_mood_change,Fatigue,Anxiety,Others
post,0.621404913235918,0,0,0.621404913235918,5.88097090913118,0.355134581228088,0.477453777309577,1.81255268551559,1.30195267257888,1.03457430914208,0.832037890571729,0.823496589591237,1.59796566630353,0.467710260038513,0.931556598077485
