Experiment_time,Headache,Neck_pain,Back_pain,Blurred_vision,Scalp_irritation,Tingling,Itching,Increased_heart_rate,Burning_sensation,Hot_flush,Dizziness,Acute_mood_change,Fatigue,Anxiety,Others
post,31.6075022462489,4.39870535499553,4.93144872917213,10.8665518013326,19.339111314892,2.45403167452708,6.29854228909784,4.70361470429319,8.13010235415598,5.87191935913425,5.49949130736271,5.29461571365297,153.325917975438,11.7630530936442,4.34472065409281
