Electrode_location,Pain,Itching,Tingling_Electrial,Warmth_Heat,Metalic_Iron,Pleasant
total,0.868051449745542,19.1684251335201,2.59135958664626,0,0.233382739851905,94.4819537955247
