Electrode_location,Pain,Itching,Tingling_Electrial,Warmth_Heat,Metalic_Iron,Pleasant
total,27.0848574956002,44.9083268310068,46.9266544524641,0,9.27514972843769,93.7233256553681
