Electrode_location,Pain,Itching,Tingling_Electrial,Warmth_Heat,Metalic_Iron,Pleasant
total,28.9463855466285,63.434948822922,10.1201337352811,29.2532882771589,0.358093959323571,93.538304525602
