Experiment_time,Headache,Neck_pain,Back_pain,Blurred_vision,Scalp_irritation,Tingling,Itching,Increased_heart_rate,Burning_sensation,Hot_flush,Dizziness,Acute_mood_change,Fatigue,Anxiety,Others
after,3.95368015522441,1.52076966114377,1.10170611520637,0,9.79038472313879,1.75852856043911,2.31004222080242,0.493916898618756,1.706178294447,1.28864478516243,0.255783030739264,2.04540848888723,4.34472065409281,4.06011420917548,0.830315486258011
