Experiment_time,Headache,Neck_pain,Back_pain,Blurred_vision,Scalp_irritation,Tingling,Itching,Increased_heart_rate,Burning_sensation,Hot_flush,Dizziness,Acute_mood_change,Fatigue,Anxiety,Others
post,0.504795568555829,0.124285660838361,0.250198320197553,0.125648437861682,6.22582906442577,6.35448353396797,0.373662829642149,0.255213365608607,0,0.371241756181497,5.22902084125354,10.3617439470968,7.07725661043878,0,0
