Electrode_location,Pain,Itching,Tingling_Electrial,Warmth_Heat,Metalic_Iron,Pleasant
total,34.7749526154487,3.13635836833259,7.38833654195224,0.259255151501386,0,71.2763059925979
