Experiment_time,Headache,Neck_pain,Back_pain,Blurred_vision,Scalp_irritation,Tingling,Itching,Increased_heart_rate,Burning_sensation,Hot_flush,Dizziness,Acute_mood_change,Fatigue,Anxiety,Others
post,66.0774941169867,28.9797076979288,21.0375110254218,15.3128183608063,37.7570912670361,19.1945831738993,16.1771448342496,14.2704609860163,15.30084557245,15.4913443415634,36.1003732239446,15.1876060325991,91.083194495314,15.5508503622208,22.0440932774966
