Electrode_location,Pain,Itching,Tingling_Electrial,Warmth_Heat,Metalic_Iron,Pleasant
total,51.5991764680459,0.795723552739274,73.5214805075758,14.6973192795119,0.588231688464347,7.94347181059041
