Experiment_time,Headache,Neck_pain,Back_pain,Blurred_vision,Scalp_irritation,Tingling,Itching,Increased_heart_rate,Burning_sensation,Hot_flush,Dizziness,Acute_mood_change,Fatigue,Anxiety,Others
post,1.21114683544168,12.0567625338326,1.56441182038961,3.69931949228718,12.832468356528,25.1447856306789,6.01516811917361,12.5921179369906,0.518499687290673,0.361863269708058,1.29393516535292,0.93919094573558,32.310587863516,6.06999133043286,24.5300167202181
