Electrode_location,Pain,Itching,Tingling_Electrial,Warmth_Heat,Metalic_Iron,Pleasant
total,8.20235424462558,2.97373108248011,13.6005425166587,1.20859243202686,0.624112346205262,96.3123647546481
