Electrode_location,Pain,Itching,Tingling_Electrial,Warmth_Heat,Metalic_Iron,Pleasant
total,20.3693133021872,0.772480555397595,11.7791321906938,6.47116993167796,0,91.0535967129212
