Experiment_time,Headache,Neck_pain,Back_pain,Blurred_vision,Scalp_irritation,Tingling,Itching,Increased_heart_rate,Burning_sensation,Hot_flush,Dizziness,Acute_mood_change,Fatigue,Anxiety,Others
post,57.6670599250079,16.7746664539392,0,1.86767883943417,12.3869867623711,0.119366034625206,0.116454676045401,2.1701700882077,0,0,42.5673284175028,49.9972546490654,16.8186351416526,0,0
