Electrode_location,Pain,Itching,Tingling_Electrial,Warmth_Heat,Metalic_Iron,Pleasant
total,0.511555866587041,2.66005920227914,115.777143171898,0.881403996582138,1.35513129102215,95.4898262672749
