Electrode_location,Pain,Itching,Tingling_Electrial,Warmth_Heat,Metalic_Iron,Pleasant
total,21.8014094863518,0.739259355407848,28.7543669545257,2.26050191114127,8.61186803113713,NaN
