Experiment_time,Headache,Neck_pain,Back_pain,Blurred_vision,Scalp_irritation,Tingling,Itching,Increased_heart_rate,Burning_sensation,Hot_flush,Dizziness,Acute_mood_change,Fatigue,Anxiety,Others
post,1.67065327139997,0.481465805838352,0.828600197825955,0,1.4552379783359,0.132936604874007,9.75635955087113,0.242777273766823,0.119615232304029,0.129335625722826,0.847867188782471,0.353673159246461,0.577558859311459,0,0
