Experiment_time,Headache,Neck_pain,Back_pain,Blurred_vision,Scalp_irritation,Tingling,Itching,Increased_heart_rate,Burning_sensation,Hot_flush,Dizziness,Acute_mood_change,Fatigue,Anxiety,Others
post,0.742452343660562,0,0.472531797774482,0.257507387578888,7.92855103501284,0,17.4155585414669,0,0.714671202044223,0.811829182536605,0,0.461123078071665,0.364936335730646,0,0
