Electrode_location,Pain,Itching,Tingling_Electrial,Warmth_Heat,Metalic_Iron,Pleasant
total,55.4664159840717,6.95595740426799,101.736942652931,34.6356718193945,17.8360600474508,93.7202732251871
