Experiment_time,Headache,Neck_pain,Back_pain,Blurred_vision,Scalp_irritation,Tingling,Itching,Increased_heart_rate,Burning_sensation,Hot_flush,Dizziness,Acute_mood_change,Fatigue,Anxiety,Others
post,128.18564711059,0.353673159246461,0.907323371703415,0.98776039963981,0,0,6.85246977055379,0.989893367381848,0.408276554025004,0.508153234978498,34.5553879522802,9.13253433328613,45.4294955496768,0,0
