Electrode_location,Pain,Itching,Tingling_Electrial,Warmth_Heat,Metalic_Iron,Pleasant
total,NaN,57.279780479648,92.6252603411611,3.24204800269836,4.22223020614269,75.9951859197676
