Electrode_location,Pain,Itching,Tingling_Electrial,Warmth_Heat,Metalic_Iron,Pleasant
total,NaN,10.2710037204791,1.21114683544168,0.135131304900796,1.26739898523326,94.5591973148301
