Electrode_location,Pain,Itching,Tingling_Electrial,Warmth_Heat,Metalic_Iron,Pleasant
total,9.19068123321002,28.6609939441943,22.0646714493079,2.16347840714613,10.304846468766,93.8310513610567
