Electrode_location,Pain,Itching,Tingling_Electrial,Warmth_Heat,Metalic_Iron,Pleasant
total,6.62652509189945,0.950879985936501,1.92626203443273,1.54468038032513,2.7079174858662,93.6494571395539
