Electrode_location,Pain,Itching,Tingling_Electrial,Warmth_Heat,Metalic_Iron,Pleasant
total,41.6947963832726,6.48021047869178,21.7054367461056,9.3276145106676,18.9078055934263,68.4257532069054
