Experiment_time,Headache,Neck_pain,Back_pain,Blurred_vision,Scalp_irritation,Tingling,Itching,Increased_heart_rate,Burning_sensation,Hot_flush,Dizziness,Acute_mood_change,Fatigue,Anxiety,Others
post,0.363393306012364,0,0,0.265256343375986,4.34666560589672,1.04162667600997,0.849663254506303,0.887253091009678,0.13021745650825,0,0.124016645097609,0.499296986072246,0.127041431523502,0,0
