Electrode_location,Pain,Itching,Tingling_Electrial,Warmth_Heat,Metalic_Iron,Pleasant
total,10.3380871029286,8.49437578980898,18.8501283640669,10.0508872668449,1.79855185386535,NaN
