Experiment_time,Headache,Neck_pain,Back_pain,Blurred_vision,Scalp_irritation,Tingling,Itching,Increased_heart_rate,Burning_sensation,Hot_flush,Dizziness,Acute_mood_change,Fatigue,Anxiety,Others
post,0,0.355869830621878,0,1.04162667600997,27.7765638088685,1.17179572270885,39.2548184094047,1.73570458892839,0,1.19100887244176,1.55138145295606,0.368851854040212,4.20535700170859,0.835504224690992,1.54815769897797
