Experiment_time,Headache,Neck_pain,Back_pain,Blurred_vision,Scalp_irritation,Tingling,Itching,Increased_heart_rate,Burning_sensation,Hot_flush,Dizziness,Acute_mood_change,Fatigue,Anxiety,Others
post,13.7632640534897,40.6012946450045,0.491797187945913,0.707319368544256,0.366492525080936,4.38909680577937,0.360346063387231,21.8245406031868,0.248032128156503,0.373662829642149,0.241752909268102,0.732955062365157,0.962863625636213,0.895173710211074,0.596809451229177
