Electrode_location,Pain,Itching,Tingling_Electrial,Warmth_Heat,Metalic_Iron,Pleasant
total,1.11843062399252,0.866176894551934,0.123216540184779,1.87582882816749,0,93.9451862290376
