Electrode_location,Pain,Itching,Tingling_Electrial,Warmth_Heat,Metalic_Iron,Pleasant
total,15.8770442727298,0.61605990839923,28.9264258352536,1.44716450369761,0.124827208848866,59.2732686575909
