Experiment_time,Headache,Neck_pain,Back_pain,Blurred_vision,Scalp_irritation,Tingling,Itching,Increased_heart_rate,Burning_sensation,Hot_flush,Dizziness,Acute_mood_change,Fatigue,Anxiety,Others
post,11.5296425243282,26.000579001771,2.87488388855477,23.4286928087454,4.33231398318851,23.8333282837344,21.1247191460725,6.08338967289182,1.161241908314,0.603091194380532,12.9855980953889,2.10278811177153,71.9685359121367,54.1569696849198,0.702980422735582
