Experiment_time,Headache,Neck_pain,Back_pain,Blurred_vision,Scalp_irritation,Tingling,Itching,Increased_heart_rate,Burning_sensation,Hot_flush,Dizziness,Acute_mood_change,Fatigue,Anxiety,Others
post,3.649724599383,0.119366034625206,0.474488361907159,0,0.632378067975035,0,10.7949784116673,0.625474928774865,0.509282404977526,0,1.81638215653029,0.412192741402322,0.6916659507919,0.120369107607331,0
