Electrode_location,Pain,Itching,Tingling_Electrial,Warmth_Heat,Metalic_Iron,Pleasant
total,0.484519355044736,3.49562477982066,10.129272617366,10.692212155284,0,110.681521678201
