Experiment_time,Headache,Neck_pain,Back_pain,Blurred_vision,Scalp_irritation,Tingling,Itching,Increased_heart_rate,Burning_sensation,Hot_flush,Dizziness,Acute_mood_change,Fatigue,Anxiety,Others
post,12.2347234966374,1.76782705585607,1.62992788538417,1.12086137531032,1.15863308808512,28.9058486232405,1.30491737191976,7.75926106332792,2.04998044702571,1.1508764781734,1.84336581978315,2.29061004263853,8.86119462500424,1.28157100575937,0
