Electrode_location,Pain,Itching,Tingling_Electrial,Warmth_Heat,Metalic_Iron,Pleasant
total,0.504795568555829,2.91700728662771,28.5695852091839,0.234337259862197,0,93.9498680217639
