Electrode_location,Pain,Itching,Tingling_Electrial,Warmth_Heat,Metalic_Iron,Pleasant
post,79.8840644548513,9.2977978087833,96.1600605053654,29.1909338384753,0,86.9806032237831
