Experiment_time,Headache,Neck_pain,Back_pain,Blurred_vision,Scalp_irritation,Tingling,Itching,Increased_heart_rate,Burning_sensation,Hot_flush,Dizziness,Acute_mood_change,Fatigue,Anxiety,Others
after,0,0.250745793127765,0,0.382816883681839,0.255213365608607,0.239729896080852,2.29061004263853,0.124285660838361,0.364936335730646,0.240232468595318,0.124827208848866,0.361103072906828,0,0,0.116454676045401
