Experiment_time,Headache,Neck_pain,Back_pain,Blurred_vision,Scalp_irritation,Tingling,Itching,Increased_heart_rate,Burning_sensation,Hot_flush,Dizziness,Acute_mood_change,Fatigue,Anxiety,Others
post,7.36047713095187,4.24561078410291,7.39792777659217,7.18853714273665,5.71059313749964,6.91891731151767,6.46109708007535,4.94232910475291,6.26671681887028,10.4160283075707,4.16207482234806,4.52095789958142,5.6092744464458,5.61970935770947,6.91486772008174
