Electrode_location,Pain,Itching,Tingling_Electrial,Warmth_Heat,Metalic_Iron,Pleasant
total,2.57473521123796,13.4957332807958,4.34472065409281,0.625474928774865,0.120116762209944,NaN
