Electrode_location,Pain,Itching,Tingling_Electrial,Warmth_Heat,Metalic_Iron,Pleasant
total,31.0496571866226,1.10881212775993,1.8840502310918,2.72631099390627,0.61872086787684,62.978418408823
