Experiment_time,Headache,Neck_pain,Back_pain,Blurred_vision,Scalp_irritation,Tingling,Itching,Increased_heart_rate,Burning_sensation,Hot_flush,Dizziness,Acute_mood_change,Fatigue,Anxiety,Others
POST,55.4786131195273,5.59426981082923,4.91798823158469,5.38438520972647,6.03000880828146,5.97156589779643,0.261026802365472,3.9880241870465,4.2506545746512,2.73871267758988,30.6965015153156,34.8879596890874,34.9598737013634,3.88673394929553,1.96646456829576
