Electrode_location,Pain,Itching,Tingling_Electrial,Warmth_Heat,Metalic_Iron,Pleasant
total,9.399953822449,12.5013540555204,2.34991219104649,1.7432464843058,0,85.4927613540089
