Electrode_location,Pain,Itching,Tingling_Electrial,Warmth_Heat,Metalic_Iron,Pleasant
total,32.0053832080835,1.77287477153317,9.93812397222488,0.855097396266723,0,77.7748773242643
