Electrode_location,Pain,Itching,Tingling_Electrial,Warmth_Heat,Metalic_Iron,Pleasant
total,10.2701497958698,1.37884442257364,5.26239539959512,0.124555846207253,0,93.6494571395539
