Electrode_location,Pain,Itching,Tingling_Electrial,Warmth_Heat,Metalic_Iron,Pleasant
total,0,8.72727769517277,28.9463855466285,2.85003433576893,0.121905729904728,78.3663660010596
