Electrode_location,Pain,Itching,Tingling_Electrial,Warmth_Heat,Metalic_Iron,Pleasant
total,10.5652285783732,18.4745450706011,63.7713193978321,2.2754564382542,0,83.9248708410327
