Electrode_location,Pain,Itching,Tingling_Electrial,Warmth_Heat,Metalic_Iron,Pleasant
total,19.0087071206385,25.7653614205853,33.5850020333902,4.50123551635819,2.25556063194524,94.5739212599009
