Experiment_time,Headache,Neck_pain,Back_pain,Blurred_vision,Scalp_irritation,Tingling,Itching,Increased_heart_rate,Burning_sensation,Hot_flush,Dizziness,Acute_mood_change,Fatigue,Anxiety,Others
post,7.78809579389477,26.230318201498,5.76263288659845,7.20050481577993,14.7567101009286,8.65807520937103,11.6553808777721,7.20182029688435,27.3385248366445,23.5768884826015,30.6863489665295,9.56262984278915,34.8336866493753,3.7037111933843,31.0417099254886
