Electrode_location,Pain,Itching,Tingling_Electrial,Warmth_Heat,Metalic_Iron,Pleasant
total,8.11277674854161,4.40783324714598,87.4381390750654,5.49476693657577,3.17331405262142,94.0944491800148
