Electrode_location,Pain,Itching,Tingling_Electrial,Warmth_Heat,Metalic_Iron,Pleasant
total,1.75468298489316,13.9746682315428,11.5601307942178,4.03180109807372,0,89.1166548922111
