Experiment_time,Headache,Neck_pain,Back_pain,Blurred_vision,Scalp_irritation,Tingling,Itching,Increased_heart_rate,Burning_sensation,Hot_flush,Dizziness,Acute_mood_change,Fatigue,Anxiety,Others
post,24.3895635118559,66.5600639065651,17.2924493998777,4.24983714952302,37.4169761363219,19.2607059004132,13.8563515016985,9.97771262015057,12.7203859092552,17.8442916082753,14.4857304247448,13.8322410458688,71.4489896622647,15.1143431152987,1.34932988108741
