Electrode_location,Pain,Itching,Tingling_Electrial,Warmth_Heat,Metalic_Iron,Pleasant
total,NaN,4.11222884471846,12.475109712209,4.89561260080005,0.636593575963486,78.5078462155051
