Electrode_location,Pain,Itching,Tingling_Electrial,Warmth_Heat,Metalic_Iron,Pleasant
total,2.77215677689094,0.499296986072246,0.603091194380532,0.613421738242098,0.254081613891238,77.2375120998706
