Electrode_location,Pain,Itching,Tingling_Electrial,Warmth_Heat,Metalic_Iron,Pleasant
total,4.24113743455112,6.16006050536539,7.52382043863863,13.6840197522475,0.366492525080936,61.5141639102331
