Electrode_location,Pain,Itching,Tingling_Electrial,Warmth_Heat,Metalic_Iron,Pleasant
total,2.98551029628789,2.2132281763958,2.38044011306539,0.92591178640007,0.345151123164125,93.8047081874042
