Electrode_location,Pain,Itching,Tingling_Electrial,Warmth_Heat,Metalic_Iron,Pleasant
total,2.96731982791061,19.378004055393,90,89.6255231132772,2.2715018961023,93.6599888914294
