Electrode_location,Pain,Itching,Tingling_Electrial,Warmth_Heat,Metalic_Iron,Pleasant
total,28.1237353832888,2.99313200597907,19.2306723756613,0,0.136094232205482,77.6530386367219
