Electrode_location,Pain,Itching,Tingling_Electrial,Warmth_Heat,Metalic_Iron,Pleasant
total,NaN,0.358093959323571,12.3899091218255,1.09237189470278,1.23997476631269,108.87353007891
