Electrode_location,Pain,Itching,Tingling_Electrial,Warmth_Heat,Metalic_Iron,Pleasant
total,27.59215631183,21.0466302008204,28.4892844229164,8.04154635123603,0,60.8952683725813
