Experiment_time,Headache,Neck_pain,Back_pain,Blurred_vision,Scalp_irritation,Tingling,Itching,Increased_heart_rate,Burning_sensation,Hot_flush,Dizziness,Acute_mood_change,Fatigue,Anxiety,Others
post,0.666199970183142,0.729843064024103,0.570656224643638,0.360346063387231,11.4800933893482,1.3478872801986,11.0727824230235,2.44704864232362,0.889220077225705,0.349360179502785,0.465809082764994,0.964890324120116,0.129922179842429,0,1.07193731832986
