Electrode_location,Pain,Itching,Tingling_Electrial,Warmth_Heat,Metalic_Iron,Pleasant
total,48.8861600713828,30.6385853381866,31.5587951629014,2.10648136946893,2.81137359452653,90.8661768945519
