Electrode_location,Pain,Itching,Tingling_Electrial,Warmth_Heat,Metalic_Iron,Pleasant
total,3.47910889284799,11.1874534397318,32.6825439729398,1.42912008924144,1.29022735206046,93.8554078090227
