Experiment_time,Headache,Neck_pain,Back_pain,Blurred_vision,Scalp_irritation,Tingling,Itching,Increased_heart_rate,Burning_sensation,Hot_flush,Dizziness,Acute_mood_change,Fatigue,Anxiety,Others
post,14.5689024230006,13.5215282455185,14.0362434679265,6.84770632518983,20.8725058485719,18.7898389956884,2.63518458245143,6.3914172839045,7.75316187455884,3.8299859084476,2.88988191961174,5.10648457232838,10.5277861199636,6.50562664568368,7.37515041765077
