Electrode_location,Pain,Itching,Tingling_Electrial,Warmth_Heat,Metalic_Iron,Pleasant
total,5.80880736230311,0,12.4196990012167,0.594333241471526,1.22147332969774,93.6389099454901
