Electrode_location,Pain,Itching,Tingling_Electrial,Warmth_Heat,Metalic_Iron,Pleasant
total,2.00516013337689,1.33221985386964,179.37040139159,4.78399181578524,0.860601489833936,74.3983384692517
