Electrode_location,Pain,Itching,Tingling_Electrial,Warmth_Heat,Metalic_Iron,Pleasant
total,NaN,6.70983680775693,40.495093136393,14.8997839007372,4.15024299436488,94.3987053549955
