Electrode_location,Pain,Itching,Tingling_Electrial,Warmth_Heat,Metalic_Iron,Pleasant
total,61.927513064147,8.72727769517277,89.7258596062668,84.4522496976783,3.32888966585548,68.6737815808574
