Electrode_location,Pain,Itching,Tingling_Electrial,Warmth_Heat,Metalic_Iron,Pleasant
total,15.1338463087026,20.7926199970029,46.0018908357553,14.5618780743841,2.12109639666145,NaN
