Electrode_location,Pain,Itching,Tingling_Electrial,Warmth_Heat,Metalic_Iron,Pleasant
total,51.6782746848864,3.01278750418334,3.29484097634035,15.7861430634634,3.1652063888104,95.0086305172114
