Electrode_location,Pain,Itching,Tingling_Electrial,Warmth_Heat,Metalic_Iron,Pleasant
total,10.6661867598448,0.994187055506796,10.3272538901943,0.124285660838361,0,94.4971516146678
