Experiment_time,Headache,Neck_pain,Back_pain,Blurred_vision,Scalp_irritation,Tingling,Itching,Increased_heart_rate,Burning_sensation,Hot_flush,Dizziness,Acute_mood_change,Fatigue,Anxiety,Others
post,0.118624632808747,0.240737152721803,0.122688847839079,0,0.24124396179649,2.60256220249981,7.6270642334368,0.480456490928155,0,0.479451398796568,0,0.250198320197553,0.117650305925929,0,0.499296986072246
