Electrode_location,Pain,Itching,Tingling_Electrial,Warmth_Heat,Metalic_Iron,Pleasant
post,1.96696076023583,2.80408299512228,8.68975028913957,3.15392494269281,0.113681953029136,93.9219425063723
