Electrode_location,Pain,Itching,Tingling_Electrial,Warmth_Heat,Metalic_Iron,Pleasant
total,41.1245938045136,0.862451966473822,0.386257830529059,22.1022327050375,0,61.1013023991584
