Electrode_location,Pain,Itching,Tingling_Electrial,Warmth_Heat,Metalic_Iron,Pleasant
total,10.5363655800144,27.7185016281834,28.6206473933673,2.86837105069588,0,93.6599888914294
